# ICESat-2 (NASA) ground/canopy heights via SlideRule PhoREAL, 20 m segments. h_ground: ellipsoidal WGS84 (m). h_canopy: RH98-like canopy height above ground (m).
# vcrs=ellipsoidal
id,lon,lat,h_ground,h_canopy,gnd_photons,veg_photons,night,date,rgt,cycle,spot
S00000,88.3585986,27.1620660,0.000,108.925,0,23,0,2023-04-06,241,19,1
S00001,88.3585793,27.1622319,1352.781,11.359,7,9,0,2023-04-06,241,19,1
S00002,88.3585467,27.1625611,0.000,40.942,0,2,0,2023-04-06,241,19,1
S00003,88.3584983,27.1629657,1383.209,17.030,4,15,0,2023-04-06,241,19,1
S00004,88.3584886,27.1630493,1385.343,0.000,2,0,0,2023-04-06,241,19,1
S00005,88.3584609,27.1633287,1394.642,9.681,1,23,0,2023-04-06,241,19,1
S00006,88.3584481,27.1634636,1403.894,8.395,5,26,0,2023-04-06,241,19,1
S00007,88.3584295,27.1636753,1415.012,10.975,12,8,0,2023-04-06,241,19,1
S00008,88.3584212,27.1637683,0.000,1.673,0,1,0,2023-04-06,241,19,1
S00009,88.3583953,27.1640566,0.000,15.027,0,21,0,2023-04-06,241,19,1
S00010,88.3583790,27.1642199,1409.141,22.972,4,18,0,2023-04-06,241,19,1
S00011,88.3583629,27.1643990,1408.244,23.780,18,21,0,2023-04-06,241,19,1
S00012,88.3583452,27.1645780,0.000,11.303,0,13,0,2023-04-06,241,19,1
S00013,88.3583353,27.1646770,0.000,3.025,0,2,0,2023-04-06,241,19,1
S00014,88.3583195,27.1648428,1425.925,22.235,9,33,0,2023-04-06,241,19,1
S00015,88.3582880,27.1651203,1444.030,11.607,5,19,0,2023-04-06,241,19,1
S00016,88.3582672,27.1652988,1444.509,22.475,5,22,0,2023-04-06,241,19,1
S00017,88.3582478,27.1654708,1453.387,16.519,12,16,0,2023-04-06,241,19,1
S00018,88.3582242,27.1656651,1458.857,10.185,12,18,0,2023-04-06,241,19,1
S00019,88.3582130,27.1657606,0.000,6.565,0,4,0,2023-04-06,241,19,1
S00020,88.3581919,27.1659420,1461.249,15.921,2,61,0,2023-04-06,241,19,1
S00021,88.3581639,27.1662029,1470.769,17.762,2,21,0,2023-04-06,241,19,1
S00022,88.3581445,27.1663842,1467.520,10.280,1,24,0,2023-04-06,241,19,1
S00023,88.3581245,27.1665594,1459.608,9.581,1,22,0,2023-04-06,241,19,1
S00024,88.3581042,27.1667377,0.000,14.797,0,24,0,2023-04-06,241,19,1
S00025,88.3580925,27.1668429,0.000,11.316,0,2,0,2023-04-06,241,19,1
S00026,88.3580606,27.1671171,1431.633,9.935,18,10,0,2023-04-06,241,19,1
S00027,88.3580439,27.1672796,1448.144,10.228,66,7,0,2023-04-06,241,19,1
S00028,88.3580327,27.1673816,0.000,31.831,0,7,0,2023-04-06,241,19,1
S00029,88.3579456,27.1680250,1373.737,12.293,2,7,0,2023-04-06,241,19,1
S00030,88.3579233,27.1681952,1356.045,12.705,1,24,0,2023-04-06,241,19,1
S00031,88.3579043,27.1683623,1350.446,16.969,3,29,0,2023-04-06,241,19,1
S00032,88.3578825,27.1685426,0.000,25.830,0,40,0,2023-04-06,241,19,1
S00033,88.3578624,27.1687168,1330.813,22.346,4,42,0,2023-04-06,241,19,1
S00034,88.3578431,27.1688912,1320.354,19.225,3,11,0,2023-04-06,241,19,1
S00035,88.3578220,27.1690785,1316.744,15.841,7,25,0,2023-04-06,241,19,1
S00036,88.3578027,27.1692592,1309.032,14.093,11,13,0,2023-04-06,241,19,1
S00037,88.3577822,27.1694395,1299.470,10.604,6,19,0,2023-04-06,241,19,1
S00038,88.3577642,27.1696224,1298.825,21.843,3,28,0,2023-04-06,241,19,1
S00039,88.3577415,27.1698021,1279.657,17.149,5,15,0,2023-04-06,241,19,1
S00040,88.3577188,27.1699842,1267.683,19.087,3,17,0,2023-04-06,241,19,1
S00041,88.3577076,27.1700765,1261.361,18.102,1,1,0,2023-04-06,241,19,1
S00042,88.3576308,27.1707075,1254.165,15.060,5,12,0,2023-04-06,241,19,1
S00043,88.3576104,27.1708784,1253.464,20.982,7,22,0,2023-04-06,241,19,1
S00044,88.3575989,27.1709796,0.000,6.579,0,6,0,2023-04-06,241,19,1
S00045,88.3569885,27.1708575,0.000,16.425,0,9,1,2023-05-20,919,19,5
S00046,88.3569497,27.1704937,1240.119,4.044,5,1,1,2023-05-20,919,19,5
S00047,88.3569306,27.1703167,1241.997,10.108,1,6,1,2023-05-20,919,19,5
S00048,88.3569128,27.1701526,1261.956,13.788,2,6,1,2023-05-20,919,19,5
S00049,88.3568911,27.1699431,1273.262,16.649,1,7,1,2023-05-20,919,19,5
S00050,88.3568732,27.1697691,1277.543,12.738,1,5,1,2023-05-20,919,19,5
S00051,88.3568548,27.1695921,1277.372,19.727,1,5,1,2023-05-20,919,19,5
S00052,88.3568352,27.1694092,0.000,23.759,0,4,1,2023-05-20,919,19,5
S00053,88.3568160,27.1692297,1309.004,18.042,1,9,1,2023-05-20,919,19,5
S00054,88.3567960,27.1690407,1311.800,9.179,1,5,1,2023-05-20,919,19,5
S00055,88.3567779,27.1688780,1320.528,22.308,2,4,1,2023-05-20,919,19,5
S00056,88.3567550,27.1686707,1330.588,18.642,1,8,1,2023-05-20,919,19,5
S00057,88.3567404,27.1685401,0.000,13.795,0,4,1,2023-05-20,919,19,5
S00058,88.3567163,27.1683338,1352.007,11.953,2,8,1,2023-05-20,919,19,5
S00059,88.3566936,27.1681407,1361.067,21.534,1,11,1,2023-05-20,919,19,5
S00060,88.3566724,27.1679632,1375.639,7.936,2,10,1,2023-05-20,919,19,5
S00061,88.3566523,27.1677956,1382.901,14.699,6,26,1,2023-05-20,919,19,5
S00062,88.3566310,27.1676184,1383.350,20.160,1,15,1,2023-05-20,919,19,5
S00063,88.3566090,27.1674280,1393.841,7.502,1,10,1,2023-05-20,919,19,5
S00064,88.3565903,27.1672660,1400.175,16.836,1,16,1,2023-05-20,919,19,5
S00065,88.3565718,27.1671072,0.000,17.696,0,5,1,2023-05-20,919,19,5
S00066,88.3565440,27.1668585,0.000,25.027,0,2,1,2023-05-20,919,19,5
S00067,88.3565269,27.1666916,1414.530,26.244,1,9,1,2023-05-20,919,19,5
S00068,88.3565113,27.1665442,1422.866,21.778,4,9,1,2023-05-20,919,19,5
S00069,88.3564901,27.1663454,1438.068,13.473,2,7,1,2023-05-20,919,19,5
S00070,88.3564707,27.1661627,1442.686,8.806,2,8,1,2023-05-20,919,19,5
S00071,88.3564513,27.1659767,1449.405,2.077,3,4,1,2023-05-20,919,19,5
S00072,88.3564331,27.1658104,1450.897,20.187,4,6,1,2023-05-20,919,19,5
S00073,88.3564183,27.1656726,1457.595,11.214,2,5,1,2023-05-20,919,19,5
S00074,88.3563945,27.1654593,1461.887,3.674,1,6,1,2023-05-20,919,19,5
S00075,88.3563748,27.1652874,1466.064,6.132,2,4,1,2023-05-20,919,19,5
S00076,88.3563533,27.1650995,1468.691,21.625,1,7,1,2023-05-20,919,19,5
S00077,88.3563317,27.1649114,0.000,9.831,0,1,1,2023-05-20,919,19,5
S00078,88.3563099,27.1647195,0.000,13.082,0,4,1,2023-05-20,919,19,5
S00079,88.3562914,27.1645528,1467.233,20.686,3,13,1,2023-05-20,919,19,5
S00080,88.3562731,27.1643856,1467.186,8.596,8,5,1,2023-05-20,919,19,5
S00081,88.3562599,27.1642693,0.000,15.614,0,1,1,2023-05-20,919,19,5
S00082,88.3562355,27.1640356,1461.795,11.764,1,3,1,2023-05-20,919,19,5
S00083,88.3562169,27.1638572,1457.548,5.457,1,2,1,2023-05-20,919,19,5
S00084,88.3561939,27.1636438,1456.233,11.421,1,4,1,2023-05-20,919,19,5
S00085,88.3561789,27.1635017,0.000,18.662,0,3,1,2023-05-20,919,19,5
S00086,88.3561539,27.1632635,1446.811,14.083,2,2,1,2023-05-20,919,19,5
S00087,88.3561401,27.1631354,1449.240,10.955,2,6,1,2023-05-20,919,19,5
S00088,88.3561175,27.1629322,1460.717,14.028,1,9,1,2023-05-20,919,19,5
S00089,88.3561011,27.1627901,0.000,16.146,0,2,1,2023-05-20,919,19,5
S00090,88.3560807,27.1626004,1462.273,13.714,1,4,1,2023-05-20,919,19,5
S00091,88.3560570,27.1623888,1462.622,13.783,1,10,1,2023-05-20,919,19,5
S00092,88.3560365,27.1622056,1466.417,8.953,2,7,1,2023-05-20,919,19,5
S00093,88.3560181,27.1620409,0.000,8.358,0,4,1,2023-05-20,919,19,5
S00094,88.3559962,27.1618473,1468.226,14.542,1,9,1,2023-05-20,919,19,5
S00095,88.3559770,27.1616682,1467.715,6.941,3,7,1,2023-05-20,919,19,5
S00096,88.3559562,27.1614754,1469.450,2.605,4,3,1,2023-05-20,919,19,5
S00097,88.3559399,27.1613310,1471.411,22.304,1,5,1,2023-05-20,919,19,5
S00098,88.3559165,27.1611152,0.000,20.786,0,10,1,2023-05-20,919,19,5
S00099,88.3558983,27.1609479,0.000,16.637,0,7,1,2023-05-20,919,19,5
S00100,88.3558780,27.1607610,0.000,12.733,0,7,1,2023-05-20,919,19,5
S00101,88.3558634,27.1606325,0.000,18.588,0,3,1,2023-05-20,919,19,5
S00102,88.3558385,27.1604050,1463.287,21.958,2,7,1,2023-05-20,919,19,5
S00103,88.3558183,27.1602228,0.000,16.996,0,8,1,2023-05-20,919,19,5
S00104,88.3557793,27.1676847,0.000,70.708,0,6,1,2023-05-20,919,19,6
S00105,88.3557599,27.1674993,0.000,12.180,0,2,1,2023-05-20,919,19,6
S00106,88.3557417,27.1673297,0.000,3.763,0,2,1,2023-05-20,919,19,6
S00107,88.3557158,27.1670987,1348.463,23.509,1,2,1,2023-05-20,919,19,6
S00108,88.3557043,27.1669961,0.000,20.197,0,3,1,2023-05-20,919,19,6
S00109,88.3556910,27.1668651,1361.577,0.000,1,0,1,2023-05-20,919,19,6
S00110,88.3556680,27.1666596,0.000,2.651,0,1,1,2023-05-20,919,19,6
S00111,88.3556484,27.1664862,0.000,2.325,0,1,1,2023-05-20,919,19,6
S00112,88.3555946,27.1660051,1414.931,0.000,1,0,1,2023-05-20,919,19,6
S00113,88.3555878,27.1659472,1424.475,0.000,1,0,1,2023-05-20,919,19,6
S00114,88.3555560,27.1656652,0.000,5.005,0,1,1,2023-05-20,919,19,6
S00115,88.3554417,27.1646358,0.000,22.776,0,1,1,2023-05-20,919,19,6
S00116,88.3555968,27.1708279,1189.431,10.063,5,9,0,2023-11-18,919,21,5
S00117,88.3555102,27.1700927,1249.816,47.158,2,26,0,2023-11-18,919,21,5
